cenario,umidade,rut_final_mm,compact_superf_final,energia_final_kJ
seco,0.2,14.440082262673796,0.928497602888958,3.9664017959112376
umido,0.35,17.10712153366998,0.9429561644229582,4.698984142868469
